Convert Decimal to Double?;Eggs McLaren
Percentage width child element in absolutely positioned parent on Internet Explorer 7;Kevin Dente
NULL;Kevin Dente
How do I calculate someone's age in C#?;Jeff Atwood
Calculate relative time in C#;Jeff Atwood
NULL;Jeff Atwood
Determine a User's Timezone;Kevin Dente
Difference between Math.Floor() and Math.Truncate();Anonymous User
Filling a DataSet or DataTable from a LINQ query result set;Geoff Dalgas
Binary Data in MySQL;Geoff Dalgas
What is the fastest way to get the value of π?;Chris Jester-Young
NULL;Chris Jester-Young
NULL;Nick Berardi
Throw an error in a MySQL trigger;Matt MacLean
How to use the C socket API in C++ on z/OS;Jax
NULL;Mat
NULL;Nick Berardi
NULL;Mads Kristiansen
NULL;Chris Jester-Young
NULL;Chris Jester-Young
Check for changes to an SQL Server table?;TimM
Reliable timer in a console application;John
Best way to allow plugins for a PHP application;Wally Lawless
NULL;Greg Hurlman
NULL;huseyint
Multiple submit buttons in an HTML form;Kevin
NULL;Justin
NULL;Nick Berardi
NULL;Jax
NULL;Karl Seguin
NULL;huseyint
NULL;Wally Lawless
How do I get a distinct, ordered list of names from a DataTable using LINQ?;Bob
NULL;Redbaron
NULL;Bob
NULL;Greg Hurlman
Paging a collection with LINQ;Nick Berardi
NULL;Nick Berardi
NULL;Leon Bambrick
How do I add existing comments to RDoc in Ruby?;CodingWithoutComments
NULL;Chris Jester-Young
NULL;helloandre
NULL;Kevin
NULL;Ryan Fox
Getting Subclipse in Aptana to work with the newest release of Subversion;cmcculloh
SQLStatement.execute() - multiple queries in one statement;Shawn
NULL;Redbaron
NULL;Yaakov Ellis
NULL;Dave Ward
Flat file databases;saint_groceon
NULL;huseyint
NULL;saint_groceon
Is gettimeofday() guaranteed to be of microsecond resolution?;Bernard
How do you branch and merge with TortoiseSVN?;cmcculloh
NULL;Bernard
NULL;CodingWithoutComments
NULL;Louis Brandy
NULL;CodingWithoutComments
NULL;saint_groceon
NULL;pix0r
"Anatomy of a ""Memory Leak""";huseyint
NULL;Bernard
Best Subversion clients for Windows Vista (64bit);pix0r
Decoding T-SQL CAST in C#/VB.NET;Dillie-O
NULL;Pat
NULL;BinaryMisfit
NULL;Karl Seguin
NULL;Dave Ward
NULL;Nick Berardi
NULL;cmcculloh
ASP.NET Site Maps;Zack Peterson
Java lib or app to convert CSV to XML file?;A Salim
NULL;Shawn
How would you access Object properties from within an object method?;cmcculloh
NULL;Greg Hurlman
NULL;Shawn
How to export data from SQL Server 2005 to MySQL;Mat
NULL;saint_groceon
XSD DataSets and ignoring foreign keys;Dillie-O
NULL;pix0r
NULL;pix0r
NULL;Dillie-O
NULL;Coincoin
NULL;svrist
Compressing / Decompressing Folders & Files;DylanJ
How do I track file downloads;Grant
NULL;w-ll
NULL;Dillie-O
NULL;alumb
NULL;Tom Grochowicz
NULL;w-ll
NULL;saint_groceon
NULL;w-ll
NULL;Kevin Dente
NULL;Tim Boland
NULL;Coincoin
NULL;Nick Berardi
NULL;John
How do I sync the SVN revision number with my ASP.NET web site?;Zack Peterson
Embedding Windows Media Player for all browsers;Michael Stum
NULL;Nick Berardi
NULL;Grant
NULL;MojoFilter
NULL;saint_groceon
Versioning SQL Server database;Zack Peterson
How do I print an HTML document from a web service?;Chris Marasti-Georg
Annotating YouTube videos programmatically;Louis Brandy
error_log per Virtual Host?;Michael Stum
Function for creating color wheels;Louis Brandy
NULL;svrist
NULL;Ryan Fox
Floating Point Number parsing: Is there a Catch All algorithm?;Michael Stum
Upgrading SQL Server 6.5;Dave Ward
NULL;alumb
NULL;Dillie-O
NULL;helloandre
NULL;Greg Hurlman
NULL;helloandre
NULL;huseyint
NULL;Chris Marasti-Georg
What's the best way to generate a tag cloud from an array using h1 through h6 for sizing?;w-ll
NULL;Michael Stum
Register Windows program with the mailto protocol programmatically;Liron Yahdav
NULL;Dillie-O
SQL Server 2005 implementation of MySQL REPLACE INTO?;Michael Stum
NULL;Michael Stum
NULL;Mat
NULL;Karl Seguin
NULL;Dillie-O
Create a SQLite database based on an XSD Data Set;Dillie-O
NULL;Ryan Fox
NULL;Ryan Fox
Adding scripting functionality to .NET applications;Michael Stum
GTK implementation of MessageBox;Bernard
BerkeleyDB Concurrency;Ted Dziuba
Best Practice: Collaborative Environment, Bin Directory, SVN;Ryan Eastabrook
NULL;Karl Seguin
NULL;Peter Burns
NULL;Michael Stum
NULL;Kevin
How do you sort a dictionary by value?;Kalid
NULL;EndangeredMassa
NULL;Kalid
NULL;Michael Stum
NULL;Kevin
NULL;Leon Bambrick
NULL;Michael Stum
NULL;Leon Bambrick
Is there a version control system for database structure changes?;EndangeredMassa
NULL;Ryan Fox
PHP Session Security;saint_groceon
NULL;saint_groceon
Should I use nested classes in this case?;JimDaniel
NULL;cmcculloh
NULL;saint_groceon
NULL;helloandre
When to use unsigned values over signed ones?;Bernard
XML Processing in Python;saalon
NULL;Bernard
NULL;saint_groceon
NULL;saint_groceon
NULL;Eric Haskins
NULL;helloandre
NULL;Jon Galloway
NULL;Mark Harrison
NULL;Mark Harrison
NULL;Jesse Ezell
NULL;Kalid
Generate list of all possible permutations of a string;UnkwnTech
NULL;alumb
NULL;Peter Coulton
NULL;Mike Stone
NULL;Mark Harrison
How do you make sure email you send programmatically is not automatically marked as spam?;Leon Bambrick
NULL;Daniel Broekman
What is the meaning of the type safety warning in certain Java generics casts?;Mike Stone
NULL;Mike Stone
Lucene Score results;Stephen Hendry
NULL;Brian Willis
NULL;Stephen Hendry
NULL;Michael Stum
NULL;Michiel de Mare
NULL;Rob Burke
iPhone app in landscape mode, 2008 systems;Michiel de Mare
NULL;Polsonby
NULL;Polsonby
NULL;prakash
Unload a COM control when working in VB6 IDE;Vincent Robert
Programmatically launch IE Mobile favorites screen;prakash
NULL;Michiel de Mare
"Implementation of ""Remember me"" in a Rails application";Michiel de Mare
NULL;Nick Berardi
NULL;Issac Kelly
How can I find the full path to a font from its display name on a Mac?;Gareth Simpson
Homegrown consumption of web services;Dillie-O
NULL;Gareth Simpson
NULL;Leon Bambrick
WinForms ComboBox data binding gotcha;Darren Kopp
NULL;Gareth Simpson
NULL;helloandre
